timestamp_ms,bus_raw,bus_voltage_v,current_raw,current_ma,power_raw,power_mw,target,standby_mode
1209871,3920,4.9,2,0.2,0,0,M5StackUnitCam,full
1210871,3918,4.8975,1,0.1,0,0,M5StackUnitCam,full
1211871,3922,4.9025,1,0.1,0,0,M5StackUnitCam,full
1212871,3923,4.90375,1,0.1,0,0,M5StackUnitCam,full
1213871,3920,4.9,1,0.1,0,0,M5StackUnitCam,full
1214871,3919,4.89875,1,0.1,0,0,M5StackUnitCam,full
1215871,3924,4.905,1,0.1,0,0,M5StackUnitCam,full
1216871,3923,4.90375,1,0.1,0,0,M5StackUnitCam,full
1217871,3924,4.905,1,0.1,0,0,M5StackUnitCam,full
1218871,3920,4.9,1,0.1,0,0,M5StackUnitCam,full
1219871,3924,4.905,1,0.1,0,0,M5StackUnitCam,full
1220871,3925,4.90625,1,0.1,0,0,M5StackUnitCam,full
1221871,3923,4.90375,2,0.2,0,0,M5StackUnitCam,full
1222871,3923,4.90375,1,0.1,0,0,M5StackUnitCam,full
1223871,3919,4.89875,1,0.1,0,0,M5StackUnitCam,full
1224871,3923,4.90375,1,0.1,0,0,M5StackUnitCam,full
1225871,3922,4.9025,2,0.2,0,0,M5StackUnitCam,full
1226871,3921,4.90125,1,0.1,0,0,M5StackUnitCam,full
1227871,3919,4.89875,1,0.1,0,0,M5StackUnitCam,full
1228871,3920,4.9,1,0.1,0,0,M5StackUnitCam,full
1229871,3923,4.90375,1,0.1,0,0,M5StackUnitCam,full
1230871,3918,4.8975,1,0.1,0,0,M5StackUnitCam,full
1231871,3920,4.9,2,0.2,0,0,M5StackUnitCam,full
1232871,3923,4.90375,1,0.1,0,0,M5StackUnitCam,full
1233871,3923,4.90375,1,0.1,0,0,M5StackUnitCam,full
1234871,3924,4.905,1,0.1,0,0,M5StackUnitCam,full
1235871,3922,4.9025,1,0.1,0,0,M5StackUnitCam,full
1236871,3908,4.885,141,14.1,28,70,M5StackUnitCam,full
1237871,3902,4.8775,212,21.2,41,102.5,M5StackUnitCam,full
1238871,3820,4.775,1015,101.5,193,482.5,M5StackUnitCam,full
1239871,3835,4.79375,873,87.3,167,417.5,M5StackUnitCam,full
1240871,3831,4.78875,880,88,168,420,M5StackUnitCam,full
1241871,3763,4.70375,1539,153.9,289,722.5,M5StackUnitCam,full
1242871,3767,4.70875,1541,154.1,290,725,M5StackUnitCam,full
1243871,3763,4.70375,1527,152.7,288,720,M5StackUnitCam,full
1244871,3754,4.6925,1643,164.3,308,770,M5StackUnitCam,full
1245871,3767,4.70875,1535,153.5,289,722.5,M5StackUnitCam,full
1246871,3775,4.71875,1504,150.4,284,710,M5StackUnitCam,full
1247871,3766,4.7075,1527,152.7,287,717.5,M5StackUnitCam,full
1248871,3744,4.68,1757,175.7,329,822.5,M5StackUnitCam,full
1249871,3777,4.72125,1443,144.3,273,682.5,M5StackUnitCam,full
1250871,3922,4.9025,1,0.1,0,0,M5StackUnitCam,full
1251871,3923,4.90375,1,0.1,0,0,M5StackUnitCam,full
1252871,3923,4.90375,1,0.1,0,0,M5StackUnitCam,full
1253871,3919,4.89875,1,0.1,0,0,M5StackUnitCam,full
1254871,3923,4.90375,1,0.1,0,0,M5StackUnitCam,full
1255871,3923,4.90375,1,0.1,0,0,M5StackUnitCam,full
1256871,3920,4.9,1,0.1,0,0,M5StackUnitCam,full
1257871,3922,4.9025,1,0.1,0,0,M5StackUnitCam,full
1258871,3922,4.9025,1,0.1,0,0,M5StackUnitCam,full
1259871,3922,4.9025,1,0.1,0,0,M5StackUnitCam,full
1260871,3906,4.8825,1,0.1,0,0,M5StackUnitCam,full
1261871,3920,4.9,1,0.1,0,0,M5StackUnitCam,full
1262871,3924,4.905,1,0.1,0,0,M5StackUnitCam,full
1263871,3917,4.89625,3,0.3,0,0,M5StackUnitCam,full
1264871,3924,4.905,1,0.1,0,0,M5StackUnitCam,full
1265871,3923,4.90375,1,0.1,0,0,M5StackUnitCam,full
1266871,3924,4.905,1,0.1,0,0,M5StackUnitCam,full
1267871,3925,4.90625,1,0.1,0,0,M5StackUnitCam,full
1268871,3923,4.90375,1,0.1,0,0,M5StackUnitCam,full
1269871,3924,4.905,1,0.1,0,0,M5StackUnitCam,full
1270871,3919,4.89875,2,0.2,0,0,M5StackUnitCam,full
1271871,3923,4.90375,1,0.1,0,0,M5StackUnitCam,full
1272871,3922,4.9025,1,0.1,0,0,M5StackUnitCam,full
1273871,3919,4.89875,2,0.2,0,0,M5StackUnitCam,full
1274871,3918,4.8975,1,0.1,0,0,M5StackUnitCam,full
1275871,3922,4.9025,1,0.1,0,0,M5StackUnitCam,full
1276871,3924,4.905,1,0.1,0,0,M5StackUnitCam,full
1277871,3921,4.90125,1,0.1,0,0,M5StackUnitCam,full
1278871,3922,4.9025,1,0.1,0,0,M5StackUnitCam,full
1279871,3924,4.905,1,0.1,0,0,M5StackUnitCam,full
1280871,3894,4.8675,295,29.5,57,142.5,M5StackUnitCam,full
1281871,3901,4.87625,214,21.4,42,105,M5StackUnitCam,full
1282871,3835,4.79375,872,87.2,167,417.5,M5StackUnitCam,full
1283871,3834,4.7925,884,88.4,169,422.5,M5StackUnitCam,full
1284871,3770,4.7125,1515,151.5,286,715,M5StackUnitCam,full
1285871,3778,4.7225,1435,143.5,271,677.5,M5StackUnitCam,full
1286871,3767,4.70875,1523,152.3,286,715,M5StackUnitCam,full
1287871,3767,4.70875,1537,153.7,289,722.5,M5StackUnitCam,full
1288871,3764,4.705,1524,152.4,286,715,M5StackUnitCam,full
1289871,3768,4.71,1526,152.6,287,717.5,M5StackUnitCam,full
1290871,3768,4.71,1539,153.9,290,725,M5StackUnitCam,full
1291871,3779,4.72375,1438,143.8,272,680,M5StackUnitCam,full
1292871,3778,4.7225,1441,144.1,272,680,M5StackUnitCam,full
1293871,3922,4.9025,2,0.2,0,0,M5StackUnitCam,full
1294871,3924,4.905,1,0.1,0,0,M5StackUnitCam,full
1295871,3922,4.9025,1,0.1,0,0,M5StackUnitCam,full
1296871,3924,4.905,1,0.1,0,0,M5StackUnitCam,full
1297871,3924,4.905,2,0.2,0,0,M5StackUnitCam,full
1298871,3923,4.90375,1,0.1,0,0,M5StackUnitCam,full
1299871,3923,4.90375,1,0.1,0,0,M5StackUnitCam,full
1300871,3921,4.90125,1,0.1,0,0,M5StackUnitCam,full
1301871,3924,4.905,1,0.1,0,0,M5StackUnitCam,full
1302871,3922,4.9025,1,0.1,0,0,M5StackUnitCam,full
1303871,3917,4.89625,1,0.1,0,0,M5StackUnitCam,full
1304871,3920,4.9,1,0.1,0,0,M5StackUnitCam,full
1305871,3922,4.9025,1,0.1,0,0,M5StackUnitCam,full
1306871,3924,4.905,1,0.1,0,0,M5StackUnitCam,full
1307871,3919,4.89875,1,0.1,0,0,M5StackUnitCam,full
1308871,3919,4.89875,1,0.1,0,0,M5StackUnitCam,full
1309871,3924,4.905,1,0.1,0,0,M5StackUnitCam,full
1310871,3924,4.905,1,0.1,0,0,M5StackUnitCam,full
1311871,3924,4.905,1,0.1,0,0,M5StackUnitCam,full
1312871,3920,4.9,1,0.1,0,0,M5StackUnitCam,full
1313871,3919,4.89875,1,0.1,0,0,M5StackUnitCam,full
1314871,3923,4.90375,1,0.1,0,0,M5StackUnitCam,full
1315871,3923,4.90375,1,0.1,0,0,M5StackUnitCam,full
1316871,3922,4.9025,1,0.1,0,0,M5StackUnitCam,full
1317871,3920,4.9,0,0,0,0,M5StackUnitCam,full
1318871,3924,4.905,1,0.1,0,0,M5StackUnitCam,full
1319871,3922,4.9025,1,0.1,0,0,M5StackUnitCam,full
1320871,3917,4.89625,2,0.2,0,0,M5StackUnitCam,full
1321871,3919,4.89875,1,0.1,0,0,M5StackUnitCam,full
1322871,3922,4.9025,1,0.1,0,0,M5StackUnitCam,full
1323871,3896,4.87,269,26.9,52,130,M5StackUnitCam,full
1324871,3898,4.8725,211,21.1,41,102.5,M5StackUnitCam,full
1325871,3832,4.79,905,90.5,173,432.5,M5StackUnitCam,full
1326871,3837,4.79625,876,87.6,168,420,M5StackUnitCam,full
1327871,3838,4.7975,874,87.4,167,417.5,M5StackUnitCam,full
1328871,3768,4.71,1516,151.6,286,715,M5StackUnitCam,full
1329871,3767,4.70875,1515,151.5,285,712.5,M5StackUnitCam,full
1330871,3779,4.72375,1431,143.1,270,675,M5StackUnitCam,full
1331871,3768,4.71,1517,151.7,286,715,M5StackUnitCam,full
1332871,3769,4.71125,1533,153.3,288,720,M5StackUnitCam,full
1333871,3769,4.71125,1527,152.7,288,720,M5StackUnitCam,full
1334871,3769,4.71125,1533,153.3,288,720,M5StackUnitCam,full
1335871,3780,4.725,1431,143.1,270,675,M5StackUnitCam,full
1336871,3779,4.72375,1431,143.1,271,677.5,M5StackUnitCam,full
1337871,3920,4.9,1,0.1,0,0,M5StackUnitCam,full
1338871,3920,4.9,1,0.1,0,0,M5StackUnitCam,full
1339871,3924,4.905,1,0.1,0,0,M5StackUnitCam,full
1340871,3924,4.905,1,0.1,0,0,M5StackUnitCam,full
1341871,3923,4.90375,1,0.1,0,0,M5StackUnitCam,full
1342871,3919,4.89875,1,0.1,0,0,M5StackUnitCam,full
1343871,3923,4.90375,1,0.1,0,0,M5StackUnitCam,full
1344871,3923,4.90375,1,0.1,0,0,M5StackUnitCam,full
1345871,3923,4.90375,1,0.1,0,0,M5StackUnitCam,full
1346871,3923,4.90375,1,0.1,0,0,M5StackUnitCam,full
1347871,3919,4.89875,2,0.2,0,0,M5StackUnitCam,full
1348871,3924,4.905,1,0.1,0,0,M5StackUnitCam,full
1349871,3923,4.90375,1,0.1,0,0,M5StackUnitCam,full
1350871,3922,4.9025,1,0.1,0,0,M5StackUnitCam,full
1351871,3920,4.9,1,0.1,0,0,M5StackUnitCam,full
1352871,3925,4.90625,1,0.1,0,0,M5StackUnitCam,full
1353871,3923,4.90375,1,0.1,0,0,M5StackUnitCam,full
1354871,3921,4.90125,1,0.1,0,0,M5StackUnitCam,full
1355871,3917,4.89625,2,0.2,0,0,M5StackUnitCam,full
1356871,3922,4.9025,1,0.1,0,0,M5StackUnitCam,full
1357871,3924,4.905,1,0.1,0,0,M5StackUnitCam,full
1358871,3923,4.90375,2,0.2,0,0,M5StackUnitCam,full
1359871,3921,4.90125,1,0.1,0,0,M5StackUnitCam,full
1360871,3923,4.90375,1,0.1,0,0,M5StackUnitCam,full
1361871,3922,4.9025,1,0.1,0,0,M5StackUnitCam,full
1362871,3924,4.905,1,0.1,0,0,M5StackUnitCam,full
1363871,3922,4.9025,1,0.1,0,0,M5StackUnitCam,full
1364871,3921,4.90125,2,0.2,0,0,M5StackUnitCam,full
1365871,3924,4.905,1,0.1,0,0,M5StackUnitCam,full
1366871,3894,4.8675,280,28,54,135,M5StackUnitCam,full
1367871,3900,4.875,211,21.1,41,102.5,M5StackUnitCam,full
1368871,3829,4.78625,930,93,178,445,M5StackUnitCam,full
1369871,3837,4.79625,871,87.1,167,417.5,M5StackUnitCam,full
1370871,3836,4.795,869,86.9,167,417.5,M5StackUnitCam,full
1371871,3767,4.70875,1533,153.3,288,720,M5StackUnitCam,full
1372871,3769,4.71125,1534,153.4,289,722.5,M5StackUnitCam,full
1373871,3780,4.725,1422,142.2,269,672.5,M5StackUnitCam,full
1374871,3780,4.725,1430,143,270,675,M5StackUnitCam,full
1375871,3769,4.71125,1528,152.8,287,717.5,M5StackUnitCam,full
1376871,3770,4.7125,1541,154.1,290,725,M5StackUnitCam,full
1377871,3770,4.7125,1539,153.9,290,725,M5StackUnitCam,full
1378871,3778,4.7225,1449,144.9,274,685,M5StackUnitCam,full
1379871,3780,4.725,1430,143,270,675,M5StackUnitCam,full
1380871,3915,4.89375,2,0.2,1,2.5,M5StackUnitCam,full
1381871,3919,4.89875,2,0.2,0,0,M5StackUnitCam,full
1382871,3924,4.905,1,0.1,0,0,M5StackUnitCam,full
1383871,3925,4.90625,1,0.1,0,0,M5StackUnitCam,full
1384871,3919,4.89875,1,0.1,0,0,M5StackUnitCam,full
1385871,3923,4.90375,1,0.1,0,0,M5StackUnitCam,full
1386871,3923,4.90375,1,0.1,0,0,M5StackUnitCam,full
1387871,3924,4.905,1,0.1,0,0,M5StackUnitCam,full
1388871,3923,4.90375,1,0.1,0,0,M5StackUnitCam,full
1389871,3920,4.9,1,0.1,0,0,M5StackUnitCam,full
1390871,3923,4.90375,1,0.1,0,0,M5StackUnitCam,full
1391871,3922,4.9025,1,0.1,0,0,M5StackUnitCam,full
1392871,3923,4.90375,1,0.1,0,0,M5StackUnitCam,full
1393871,3922,4.9025,1,0.1,0,0,M5StackUnitCam,full
1394871,3922,4.9025,1,0.1,0,0,M5StackUnitCam,full
1395871,3923,4.90375,1,0.1,0,0,M5StackUnitCam,full
1396871,3922,4.9025,2,0.2,0,0,M5StackUnitCam,full
1397872,3920,4.9,1,0.1,0,0,M5StackUnitCam,full
1398871,3920,4.9,1,0.1,0,0,M5StackUnitCam,full
1399871,3925,4.90625,1,0.1,0,0,M5StackUnitCam,full
1400871,3923,4.90375,1,0.1,0,0,M5StackUnitCam,full
1401871,3921,4.90125,1,0.1,0,0,M5StackUnitCam,full
1402871,3919,4.89875,1,0.1,0,0,M5StackUnitCam,full
1403871,3923,4.90375,1,0.1,0,0,M5StackUnitCam,full
1404871,3923,4.90375,1,0.1,0,0,M5StackUnitCam,full
1405871,3924,4.905,1,0.1,0,0,M5StackUnitCam,full
1406871,3921,4.90125,1,0.1,0,0,M5StackUnitCam,full
1407871,3919,4.89875,1,0.1,0,0,M5StackUnitCam,full
1408871,3923,4.90375,1,0.1,0,0,M5StackUnitCam,full
1409871,3923,4.90375,1,0.1,0,0,M5StackUnitCam,full
1410871,3900,4.875,211,21.1,41,102.5,M5StackUnitCam,full
1411871,3877,4.84625,439,43.9,85,212.5,M5StackUnitCam,full
1412871,3836,4.795,871,87.1,167,417.5,M5StackUnitCam,full
1413871,3836,4.795,870,87,167,417.5,M5StackUnitCam,full
1414871,3763,4.70375,1544,154.4,290,725,M5StackUnitCam,full
1415871,3765,4.70625,1525,152.5,287,717.5,M5StackUnitCam,full
1416871,3768,4.71,1517,151.7,286,715,M5StackUnitCam,full
1417871,3780,4.725,1520,152,287,717.5,M5StackUnitCam,full
1418871,3756,4.695,1620,162,304,760,M5StackUnitCam,full
1419871,3765,4.70625,1520,152,286,715,M5StackUnitCam,full
1420871,3770,4.7125,1534,153.4,289,722.5,M5StackUnitCam,full
1421871,3772,4.715,1527,152.7,288,720,M5StackUnitCam,full
1422871,3770,4.7125,1531,153.1,288,720,M5StackUnitCam,full
1423871,3772,4.715,1525,152.5,287,717.5,M5StackUnitCam,full
1424871,3769,4.71125,1513,151.3,284,710,M5StackUnitCam,full
1425871,3767,4.70875,1512,151.2,284,710,M5StackUnitCam,full
1426871,3770,4.7125,1514,151.4,285,712.5,M5StackUnitCam,full
1427871,3766,4.7075,1520,152,286,715,M5StackUnitCam,full
1428871,3766,4.7075,1524,152.4,286,715,M5StackUnitCam,full
1429871,3780,4.725,1434,143.4,271,677.5,M5StackUnitCam,full
1430871,3779,4.72375,1436,143.6,272,680,M5StackUnitCam,full
1431871,3918,4.8975,1,0.1,1,2.5,M5StackUnitCam,full
1432871,3921,4.90125,1,0.1,0,0,M5StackUnitCam,full
1433871,3925,4.90625,1,0.1,0,0,M5StackUnitCam,full
1434871,3902,4.8775,1,0.1,1,2.5,M5StackUnitCam,full
1435871,3920,4.9,1,0.1,0,0,M5StackUnitCam,full
1436871,3920,4.9,1,0.1,0,0,M5StackUnitCam,full
1437871,3924,4.905,1,0.1,0,0,M5StackUnitCam,full
1438871,3924,4.905,1,0.1,0,0,M5StackUnitCam,full
1439871,3924,4.905,1,0.1,0,0,M5StackUnitCam,full
1440871,3915,4.89375,1,0.1,0,0,M5StackUnitCam,full
1441871,3920,4.9,1,0.1,0,0,M5StackUnitCam,full
1442871,3924,4.905,1,0.1,0,0,M5StackUnitCam,full
1443871,3923,4.90375,1,0.1,0,0,M5StackUnitCam,full
1444871,3921,4.90125,1,0.1,0,0,M5StackUnitCam,full
1445871,3921,4.90125,2,0.2,1,2.5,M5StackUnitCam,full
1446871,3923,4.90375,1,0.1,0,0,M5StackUnitCam,full
1447871,3924,4.905,1,0.1,0,0,M5StackUnitCam,full
1448871,3920,4.9,1,0.1,0,0,M5StackUnitCam,full
1449871,3921,4.90125,1,0.1,0,0,M5StackUnitCam,full
1450871,3924,4.905,1,0.1,0,0,M5StackUnitCam,full
1451871,3922,4.9025,1,0.1,0,0,M5StackUnitCam,full
1452871,3923,4.90375,1,0.1,0,0,M5StackUnitCam,full
1453871,3921,4.90125,1,0.1,0,0,M5StackUnitCam,full
1454871,3924,4.905,1,0.1,0,0,M5StackUnitCam,full
1455871,3923,4.90375,1,0.1,0,0,M5StackUnitCam,full
1456871,3923,4.90375,1,0.1,0,0,M5StackUnitCam,full
1457871,3919,4.89875,1,0.1,0,0,M5StackUnitCam,full
1458871,3921,4.90125,1,0.1,0,0,M5StackUnitCam,full
1459871,3924,4.905,1,0.1,0,0,M5StackUnitCam,full
1460871,3894,4.8675,279,27.9,54,135,M5StackUnitCam,full
1461871,3898,4.8725,211,21.1,41,102.5,M5StackUnitCam,full
1462871,3823,4.77875,993,99.3,190,475,M5StackUnitCam,full
1463871,3837,4.79625,872,87.2,167,417.5,M5StackUnitCam,full
1464871,3836,4.795,878,87.8,168,420,M5StackUnitCam,full
1465871,3766,4.7075,1511,151.1,284,710,M5StackUnitCam,full
1466871,3771,4.71375,1509,150.9,284,710,M5StackUnitCam,full
1467871,3780,4.725,1422,142.2,269,672.5,M5StackUnitCam,full
1468871,3779,4.72375,1426,142.6,270,675,M5StackUnitCam,full
1469871,3772,4.715,1535,153.5,289,722.5,M5StackUnitCam,full
1470871,3770,4.7125,1522,152.2,287,717.5,M5StackUnitCam,full
1471871,3771,4.71375,1517,151.7,286,715,M5StackUnitCam,full
1472871,3775,4.71875,1521,152.1,287,717.5,M5StackUnitCam,full
1473871,3778,4.7225,1433,143.3,270,675,M5StackUnitCam,full
1474871,3919,4.89875,1,0.1,0,0,M5StackUnitCam,full
1475871,3922,4.9025,1,0.1,0,0,M5StackUnitCam,full
1476871,3925,4.90625,1,0.1,0,0,M5StackUnitCam,full
1477871,3922,4.9025,1,0.1,0,0,M5StackUnitCam,full
1478871,3919,4.89875,1,0.1,0,0,M5StackUnitCam,full
1479871,3921,4.90125,1,0.1,0,0,M5StackUnitCam,full
1480871,3923,4.90375,1,0.1,0,0,M5StackUnitCam,full
1481871,3903,4.87875,2,0.2,0,0,M5StackUnitCam,full
1482871,3923,4.90375,1,0.1,0,0,M5StackUnitCam,full
1483871,3921,4.90125,1,0.1,0,0,M5StackUnitCam,full
1484871,3924,4.905,1,0.1,0,0,M5StackUnitCam,full
1485871,3923,4.90375,1,0.1,0,0,M5StackUnitCam,full
1486871,3922,4.9025,1,0.1,0,0,M5StackUnitCam,full
1487871,3920,4.9,1,0.1,0,0,M5StackUnitCam,full
1488871,3924,4.905,1,0.1,0,0,M5StackUnitCam,full
1489871,3923,4.90375,1,0.1,0,0,M5StackUnitCam,full
1490871,3921,4.90125,2,0.2,0,0,M5StackUnitCam,full
1491871,3920,4.9,2,0.2,0,0,M5StackUnitCam,full
1492871,3922,4.9025,1,0.1,0,0,M5StackUnitCam,full
1493871,3924,4.905,1,0.1,0,0,M5StackUnitCam,full
1494871,3922,4.9025,1,0.1,0,0,M5StackUnitCam,full
1495871,3921,4.90125,1,0.1,0,0,M5StackUnitCam,full
1496871,3919,4.89875,1,0.1,0,0,M5StackUnitCam,full
1497871,3923,4.90375,1,0.1,0,0,M5StackUnitCam,full
1498871,3924,4.905,1,0.1,0,0,M5StackUnitCam,full
1499871,3924,4.905,1,0.1,0,0,M5StackUnitCam,full
1500871,3920,4.9,1,0.1,0,0,M5StackUnitCam,full
1501871,3925,4.90625,1,0.1,0,0,M5StackUnitCam,full
1502871,3925,4.90625,1,0.1,0,0,M5StackUnitCam,full
1503871,3924,4.905,1,0.1,0,0,M5StackUnitCam,full
1504871,3892,4.865,278,27.8,54,135,M5StackUnitCam,full
1505871,3895,4.86875,243,24.3,47,117.5,M5StackUnitCam,full
1506871,3836,4.795,876,87.6,168,420,M5StackUnitCam,full
1507871,3836,4.795,873,87.3,167,417.5,M5StackUnitCam,full
1508871,3769,4.71125,1517,151.7,286,715,M5StackUnitCam,full
1509871,3766,4.7075,1527,152.7,287,717.5,M5StackUnitCam,full
1510871,3769,4.71125,1542,154.2,290,725,M5StackUnitCam,full
1511871,3769,4.71125,1524,152.4,286,715,M5StackUnitCam,full
1512871,3766,4.7075,1529,152.9,287,717.5,M5StackUnitCam,full
1513871,3776,4.72,1437,143.7,271,677.5,M5StackUnitCam,full
1514871,3770,4.7125,1527,152.7,287,717.5,M5StackUnitCam,full
1515871,3769,4.71125,1525,152.5,287,717.5,M5StackUnitCam,full
1516871,3780,4.725,1437,143.7,272,680,M5StackUnitCam,full
1517871,3835,4.79375,885,88.5,170,425,M5StackUnitCam,full
1518871,3919,4.89875,2,0.2,0,0,M5StackUnitCam,full
1519871,3924,4.905,1,0.1,0,0,M5StackUnitCam,full
1520871,3914,4.8925,1,0.1,0,0,M5StackUnitCam,full
1521871,3919,4.89875,1,0.1,0,0,M5StackUnitCam,full
1522871,3919,4.89875,1,0.1,0,0,M5StackUnitCam,full
1523871,3924,4.905,1,0.1,0,0,M5StackUnitCam,full
1524871,3923,4.90375,1,0.1,0,0,M5StackUnitCam,full
1525871,3920,4.9,1,0.1,0,0,M5StackUnitCam,full
1526871,3921,4.90125,1,0.1,0,0,M5StackUnitCam,full
1527871,3924,4.905,1,0.1,0,0,M5StackUnitCam,full
1528871,3924,4.905,1,0.1,0,0,M5StackUnitCam,full
1529871,3919,4.89875,1,0.1,0,0,M5StackUnitCam,full
1530871,3920,4.9,1,0.1,0,0,M5StackUnitCam,full
1531871,3924,4.905,1,0.1,0,0,M5StackUnitCam,full
1532871,3923,4.90375,1,0.1,0,0,M5StackUnitCam,full
1533871,3923,4.90375,1,0.1,0,0,M5StackUnitCam,full
1534871,3923,4.90375,1,0.1,0,0,M5StackUnitCam,full
1535871,3923,4.90375,1,0.1,0,0,M5StackUnitCam,full
1536871,3923,4.90375,1,0.1,0,0,M5StackUnitCam,full
1537871,3923,4.90375,1,0.1,0,0,M5StackUnitCam,full
1538871,3921,4.90125,2,0.2,0,0,M5StackUnitCam,full
1539871,3922,4.9025,1,0.1,0,0,M5StackUnitCam,full
1540871,3924,4.905,1,0.1,0,0,M5StackUnitCam,full
1541871,3924,4.905,1,0.1,0,0,M5StackUnitCam,full
1542871,3920,4.9,1,0.1,0,0,M5StackUnitCam,full
1543871,3923,4.90375,1,0.1,0,0,M5StackUnitCam,full
1544871,3925,4.90625,1,0.1,0,0,M5StackUnitCam,full
1545871,3924,4.905,1,0.1,0,0,M5StackUnitCam,full
1546871,3921,4.90125,2,0.2,0,0,M5StackUnitCam,full
1547871,3892,4.865,279,27.9,54,135,M5StackUnitCam,full
1548871,3892,4.865,211,21.1,41,102.5,M5StackUnitCam,full
1549871,3824,4.78,1024,102.4,196,490,M5StackUnitCam,full
1550871,3837,4.79625,871,87.1,167,417.5,M5StackUnitCam,full
1551871,3837,4.79625,882,88.2,169,422.5,M5StackUnitCam,full
1552871,3781,4.72625,1423,142.3,269,672.5,M5StackUnitCam,full
1553871,3781,4.72625,1424,142.4,269,672.5,M5StackUnitCam,full
1554871,3768,4.71,1518,151.8,285,712.5,M5StackUnitCam,full
1555871,3768,4.71,1529,152.9,287,717.5,M5StackUnitCam,full
1556871,3767,4.70875,1522,152.2,286,715,M5StackUnitCam,full
1557871,3770,4.7125,1518,151.8,285,712.5,M5StackUnitCam,full
1558871,3780,4.725,1432,143.2,271,677.5,M5StackUnitCam,full
1559871,3777,4.72125,1428,142.8,270,675,M5StackUnitCam,full
1560871,3776,4.72,1430,143,270,675,M5StackUnitCam,full
1561871,3923,4.90375,1,0.1,0,0,M5StackUnitCam,full
1562871,3923,4.90375,1,0.1,0,0,M5StackUnitCam,full
1563871,3924,4.905,1,0.1,0,0,M5StackUnitCam,full
1564871,3920,4.9,1,0.1,0,0,M5StackUnitCam,full
1565871,3925,4.90625,1,0.1,0,0,M5StackUnitCam,full
1566871,3923,4.90375,1,0.1,0,0,M5StackUnitCam,full
1567871,3923,4.90375,1,0.1,0,0,M5StackUnitCam,full
1568871,3922,4.9025,2,0.2,0,0,M5StackUnitCam,full
1569871,3922,4.9025,1,0.1,0,0,M5StackUnitCam,full
1570871,3924,4.905,1,0.1,0,0,M5StackUnitCam,full
1571871,3923,4.90375,1,0.1,0,0,M5StackUnitCam,full
1572871,3922,4.9025,1,0.1,0,0,M5StackUnitCam,full
1573871,3921,4.90125,1,0.1,0,0,M5StackUnitCam,full
1574871,3925,4.90625,1,0.1,0,0,M5StackUnitCam,full
1575871,3924,4.905,1,0.1,0,0,M5StackUnitCam,full
1576871,3918,4.8975,1,0.1,0,0,M5StackUnitCam,full
1577871,3920,4.9,1,0.1,0,0,M5StackUnitCam,full
1578871,3924,4.905,1,0.1,0,0,M5StackUnitCam,full
1579871,3924,4.905,1,0.1,0,0,M5StackUnitCam,full
1580871,3912,4.89,2,0.2,0,0,M5StackUnitCam,full
1581871,3919,4.89875,1,0.1,0,0,M5StackUnitCam,full
1582871,3924,4.905,1,0.1,0,0,M5StackUnitCam,full
1583871,3923,4.90375,1,0.1,0,0,M5StackUnitCam,full
1584871,3925,4.90625,1,0.1,0,0,M5StackUnitCam,full
1585871,3920,4.9,0,0,0,0,M5StackUnitCam,full
1586871,3920,4.9,1,0.1,0,0,M5StackUnitCam,full
1587871,3924,4.905,1,0.1,0,0,M5StackUnitCam,full
1588871,3923,4.90375,1,0.1,0,0,M5StackUnitCam,full
1589871,3920,4.9,1,0.1,0,0,M5StackUnitCam,full
1590871,3914,4.8925,82,8.2,16,40,M5StackUnitCam,full
1591871,3902,4.8775,210,21,41,102.5,M5StackUnitCam,full
1592871,3824,4.78,1007,100.7,192,480,M5StackUnitCam,full
1593871,3834,4.7925,870,87,167,417.5,M5StackUnitCam,full
1594871,3835,4.79375,869,86.9,166,415,M5StackUnitCam,full
1595871,3769,4.71125,1521,152.1,286,715,M5StackUnitCam,full
1596871,3772,4.715,1540,154,290,725,M5StackUnitCam,full
1597871,3772,4.715,1544,154.4,291,727.5,M5StackUnitCam,full
1598871,3771,4.71375,1546,154.6,291,727.5,M5StackUnitCam,full
1599871,3781,4.72625,1430,143,270,675,M5StackUnitCam,full
1600871,3770,4.7125,1523,152.3,287,717.5,M5StackUnitCam,full
1601871,3770,4.7125,1535,153.5,289,722.5,M5StackUnitCam,full
1602871,3776,4.72,1466,146.6,277,692.5,M5StackUnitCam,full
1603871,3778,4.7225,1438,143.8,272,680,M5StackUnitCam,full
1604871,3923,4.90375,1,0.1,0,0,M5StackUnitCam,full
1605871,3924,4.905,1,0.1,0,0,M5StackUnitCam,full
1606871,3916,4.895,2,0.2,0,0,M5StackUnitCam,full
1607871,3922,4.9025,1,0.1,0,0,M5StackUnitCam,full
1608871,3914,4.8925,2,0.2,0,0,M5StackUnitCam,full
1609871,3924,4.905,1,0.1,0,0,M5StackUnitCam,full
1610871,3922,4.9025,2,0.2,0,0,M5StackUnitCam,full
1611871,3923,4.90375,1,0.1,0,0,M5StackUnitCam,full
1612871,3923,4.90375,1,0.1,0,0,M5StackUnitCam,full
1613871,3925,4.90625,1,0.1,0,0,M5StackUnitCam,full
1614871,3924,4.905,1,0.1,0,0,M5StackUnitCam,full
1615871,3924,4.905,1,0.1,0,0,M5StackUnitCam,full
1616871,3923,4.90375,1,0.1,0,0,M5StackUnitCam,full
1617871,3924,4.905,1,0.1,0,0,M5StackUnitCam,full
1618871,3925,4.90625,1,0.1,0,0,M5StackUnitCam,full
1619871,3920,4.9,1,0.1,0,0,M5StackUnitCam,full
1620871,3921,4.90125,1,0.1,0,0,M5StackUnitCam,full
1621871,3909,4.88625,2,0.2,1,2.5,M5StackUnitCam,full
1622871,3923,4.90375,1,0.1,0,0,M5StackUnitCam,full
1623871,3918,4.8975,2,0.2,0,0,M5StackUnitCam,full
1624871,3922,4.9025,1,0.1,0,0,M5StackUnitCam,full
1625871,3924,4.905,1,0.1,0,0,M5StackUnitCam,full
1626871,3924,4.905,1,0.1,0,0,M5StackUnitCam,full
1627871,3920,4.9,1,0.1,0,0,M5StackUnitCam,full
1628871,3920,4.9,2,0.2,0,0,M5StackUnitCam,full
1629871,3925,4.90625,1,0.1,0,0,M5StackUnitCam,full
1630871,3923,4.90375,1,0.1,0,0,M5StackUnitCam,full
1631871,3922,4.9025,1,0.1,0,0,M5StackUnitCam,full
1637871,3830,4.7875,874,87.4,167,417.5,M5StackUnitCam,full
1638075,3804,4.755,880,88,167,417.5,M5StackUnitCam,full
1638871,3819,4.77375,874,87.4,167,417.5,M5StackUnitCam,full
1639871,3836,4.795,882,88.2,169,422.5,M5StackUnitCam,full
1640871,3798,4.7475,1141,114.1,217,542.5,M5StackUnitCam,full
1641871,3766,4.7075,1520,152,286,715,M5StackUnitCam,full
1642871,3773,4.71625,1540,154,290,725,M5StackUnitCam,full
1643871,3765,4.70625,1427,142.7,269,672.5,M5StackUnitCam,full
1644871,3757,4.69625,1433,143.3,269,672.5,M5StackUnitCam,full
1645871,3768,4.71,1436,143.6,271,677.5,M5StackUnitCam,full
1646871,3770,4.7125,1516,151.6,286,715,M5StackUnitCam,full
1647871,3770,4.7125,1522,152.2,287,717.5,M5StackUnitCam,full
1648871,3781,4.72625,1435,143.5,271,677.5,M5StackUnitCam,full
1649871,3774,4.7175,1486,148.6,280,700,M5StackUnitCam,full
1650871,3921,4.90125,1,0.1,0,0,M5StackUnitCam,full
1651871,3924,4.905,1,0.1,0,0,M5StackUnitCam,full
1652871,3924,4.905,1,0.1,0,0,M5StackUnitCam,full
1653871,3920,4.9,1,0.1,0,0,M5StackUnitCam,full
1654871,3920,4.9,2,0.2,0,0,M5StackUnitCam,full
1655871,3924,4.905,1,0.1,0,0,M5StackUnitCam,full
1656871,3923,4.90375,1,0.1,0,0,M5StackUnitCam,full
1657871,3916,4.895,2,0.2,0,0,M5StackUnitCam,full
1658871,3921,4.90125,1,0.1,0,0,M5StackUnitCam,full
1659871,3924,4.905,1,0.1,0,0,M5StackUnitCam,full
1660871,3924,4.905,1,0.1,0,0,M5StackUnitCam,full
1661871,3923,4.90375,1,0.1,0,0,M5StackUnitCam,full
1662871,3921,4.90125,1,0.1,0,0,M5StackUnitCam,full
1663871,3923,4.90375,1,0.1,0,0,M5StackUnitCam,full
1664871,3923,4.90375,1,0.1,0,0,M5StackUnitCam,full
1665871,3922,4.9025,1,0.1,0,0,M5StackUnitCam,full
1666871,3922,4.9025,1,0.1,0,0,M5StackUnitCam,full
1667871,3919,4.89875,1,0.1,0,0,M5StackUnitCam,full
1668871,3921,4.90125,2,0.2,0,0,M5StackUnitCam,full
1669871,3923,4.90375,1,0.1,0,0,M5StackUnitCam,full
1670871,3919,4.89875,1,0.1,0,0,M5StackUnitCam,full
1671871,3921,4.90125,2,0.2,0,0,M5StackUnitCam,full
1672871,3925,4.90625,2,0.2,0,0,M5StackUnitCam,full
1673871,3924,4.905,1,0.1,0,0,M5StackUnitCam,full
1674871,3923,4.90375,1,0.1,0,0,M5StackUnitCam,full
1675871,3922,4.9025,1,0.1,0,0,M5StackUnitCam,full
1676871,3924,4.905,1,0.1,0,0,M5StackUnitCam,full
1677871,3925,4.90625,1,0.1,0,0,M5StackUnitCam,full
1678871,3923,4.90375,1,0.1,0,0,M5StackUnitCam,full
1679871,3893,4.86625,278,27.8,54,135,M5StackUnitCam,full
1680871,3903,4.87875,211,21.1,41,102.5,M5StackUnitCam,full
1681871,3827,4.78375,972,97.2,186,465,M5StackUnitCam,full
1682871,3837,4.79625,873,87.3,167,417.5,M5StackUnitCam,full
1683871,3835,4.79375,877,87.7,168,420,M5StackUnitCam,full
1684871,3779,4.72375,1419,141.9,268,670,M5StackUnitCam,full
1685871,3777,4.72125,1421,142.1,268,670,M5StackUnitCam,full
1686871,3772,4.715,1508,150.8,288,720,M5StackUnitCam,full
1687871,3767,4.70875,1513,151.3,284,710,M5StackUnitCam,full
1688871,3771,4.71375,1531,153.1,288,720,M5StackUnitCam,full
1689871,3779,4.72375,1516,151.6,286,715,M5StackUnitCam,full
1690871,3782,4.7275,1429,142.9,270,675,M5StackUnitCam,full
1691871,3781,4.72625,1438,143.8,272,680,M5StackUnitCam,full
1692871,3779,4.72375,1431,143.1,271,677.5,M5StackUnitCam,full
1693871,3907,4.88375,2,0.2,0,0,M5StackUnitCam,full
1694871,3924,4.905,2,0.2,0,0,M5StackUnitCam,full
1695871,3923,4.90375,1,0.1,0,0,M5StackUnitCam,full
1696871,3921,4.90125,1,0.1,0,0,M5StackUnitCam,full
1697871,3920,4.9,1,0.1,0,0,M5StackUnitCam,full
1698871,3924,4.905,1,0.1,0,0,M5StackUnitCam,full
1699871,3923,4.90375,1,0.1,0,0,M5StackUnitCam,full
1700871,3922,4.9025,1,0.1,0,0,M5StackUnitCam,full
1701871,3922,4.9025,1,0.1,0,0,M5StackUnitCam,full
1702871,3925,4.90625,1,0.1,0,0,M5StackUnitCam,full
1703871,3925,4.90625,1,0.1,0,0,M5StackUnitCam,full
1704871,3920,4.9,1,0.1,0,0,M5StackUnitCam,full
1705871,3922,4.9025,1,0.1,0,0,M5StackUnitCam,full
1706871,3925,4.90625,1,0.1,0,0,M5StackUnitCam,full
1707871,3923,4.90375,1,0.1,0,0,M5StackUnitCam,full
1708871,3923,4.90375,1,0.1,0,0,M5StackUnitCam,full
1709871,3922,4.9025,1,0.1,0,0,M5StackUnitCam,full
1710871,3923,4.90375,1,0.1,0,0,M5StackUnitCam,full
1711871,3924,4.905,1,0.1,0,0,M5StackUnitCam,full
1712871,3923,4.90375,1,0.1,0,0,M5StackUnitCam,full
1713871,3921,4.90125,1,0.1,0,0,M5StackUnitCam,full
1714871,3923,4.90375,2,0.2,0,0,M5StackUnitCam,full
1715871,3925,4.90625,1,0.1,0,0,M5StackUnitCam,full
1716871,3924,4.905,1,0.1,0,0,M5StackUnitCam,full
1717871,3919,4.89875,1,0.1,0,0,M5StackUnitCam,full
1718871,3923,4.90375,1,0.1,0,0,M5StackUnitCam,full
1719871,3925,4.90625,1,0.1,0,0,M5StackUnitCam,full
1720871,3924,4.905,1,0.1,0,0,M5StackUnitCam,full
1721871,3919,4.89875,1,0.1,0,0,M5StackUnitCam,full
1722871,3914,4.8925,70,7,14,35,M5StackUnitCam,full
1723871,3903,4.87875,210,21,41,102.5,M5StackUnitCam,full
1724871,3825,4.78125,994,99.4,190,475,M5StackUnitCam,full
1725871,3838,4.7975,871,87.1,167,417.5,M5StackUnitCam,full
1726871,3836,4.795,873,87.3,167,417.5,M5StackUnitCam,full
1727871,3781,4.72625,1430,143,291,727.5,M5StackUnitCam,full
1728871,3771,4.71375,1537,153.7,289,722.5,M5StackUnitCam,full
1729871,3782,4.7275,1436,143.6,272,680,M5StackUnitCam,full
1730871,3769,4.71125,1540,154,290,725,M5StackUnitCam,full
1731871,3771,4.71375,1547,154.7,292,730,M5StackUnitCam,full
1732871,3772,4.715,1523,152.3,287,717.5,M5StackUnitCam,full
1733871,3781,4.72625,1437,143.7,272,680,M5StackUnitCam,full
1734871,3761,4.70125,1530,153,287,717.5,M5StackUnitCam,full
1735871,3778,4.7225,1435,143.5,271,677.5,M5StackUnitCam,full
1736871,3924,4.905,1,0.1,0,0,M5StackUnitCam,full
1737871,3925,4.90625,1,0.1,0,0,M5StackUnitCam,full
1738871,3922,4.9025,2,0.2,0,0,M5StackUnitCam,full
1739871,3919,4.89875,1,0.1,0,0,M5StackUnitCam,full
1740871,3914,4.8925,1,0.1,0,0,M5StackUnitCam,full
1741871,3924,4.905,1,0.1,0,0,M5StackUnitCam,full
1742871,3924,4.905,1,0.1,0,0,M5StackUnitCam,full
1743871,3918,4.8975,1,0.1,0,0,M5StackUnitCam,full
1744871,3921,4.90125,1,0.1,0,0,M5StackUnitCam,full
1745871,3925,4.90625,1,0.1,0,0,M5StackUnitCam,full
1746871,3923,4.90375,1,0.1,0,0,M5StackUnitCam,full
1747871,3920,4.9,1,0.1,0,0,M5StackUnitCam,full
1748871,3922,4.9025,1,0.1,0,0,M5StackUnitCam,full
1749871,3924,4.905,1,0.1,0,0,M5StackUnitCam,full
1750871,3925,4.90625,1,0.1,0,0,M5StackUnitCam,full
1751871,3921,4.90125,1,0.1,0,0,M5StackUnitCam,full
1752871,3922,4.9025,1,0.1,0,0,M5StackUnitCam,full
1753871,3926,4.9075,1,0.1,0,0,M5StackUnitCam,full
1754871,3924,4.905,1,0.1,0,0,M5StackUnitCam,full
1755871,3924,4.905,1,0.1,0,0,M5StackUnitCam,full
1756871,3923,4.90375,1,0.1,0,0,M5StackUnitCam,full
1757871,3925,4.90625,1,0.1,0,0,M5StackUnitCam,full
1758871,3924,4.905,1,0.1,0,0,M5StackUnitCam,full
1759871,3924,4.905,1,0.1,0,0,M5StackUnitCam,full
1760871,3921,4.90125,2,0.2,0,0,M5StackUnitCam,full
1761871,3919,4.89875,1,0.1,0,0,M5StackUnitCam,full
1762871,3923,4.90375,1,0.1,0,0,M5StackUnitCam,full
1763871,3923,4.90375,1,0.1,0,0,M5StackUnitCam,full
1764871,3920,4.9,1,0.1,1,2.5,M5StackUnitCam,full
1765871,3922,4.9025,1,0.1,0,0,M5StackUnitCam,full
1766871,3891,4.86375,326,32.6,63,157.5,M5StackUnitCam,full
1767871,3903,4.87875,210,21,41,102.5,M5StackUnitCam,full
1768871,3836,4.795,870,87,167,417.5,M5StackUnitCam,full
1769871,3835,4.79375,876,87.6,168,420,M5StackUnitCam,full
1770871,3774,4.7175,1496,149.6,282,705,M5StackUnitCam,full
1771871,3772,4.715,1537,153.7,290,725,M5StackUnitCam,full
1772871,3770,4.7125,1521,152.1,287,717.5,M5StackUnitCam,full
1773871,3769,4.71125,1513,151.3,284,710,M5StackUnitCam,full
1774871,3779,4.72375,1520,152,287,717.5,M5StackUnitCam,full
1775871,3783,4.72875,1429,142.9,270,675,M5StackUnitCam,full
1776871,3775,4.71875,1421,142.1,268,670,M5StackUnitCam,full
1777871,3772,4.715,1527,152.7,288,720,M5StackUnitCam,full
1778871,3779,4.72375,1427,142.7,270,675,M5StackUnitCam,full
1779871,3838,4.7975,865,86.5,166,415,M5StackUnitCam,full
1780871,3924,4.905,1,0.1,0,0,M5StackUnitCam,full
1781871,3920,4.9,1,0.1,0,0,M5StackUnitCam,full
1782871,3922,4.9025,1,0.1,0,0,M5StackUnitCam,full
1783871,3923,4.90375,1,0.1,0,0,M5StackUnitCam,full
1784871,3924,4.905,1,0.1,0,0,M5StackUnitCam,full
1785871,3920,4.9,1,0.1,1,2.5,M5StackUnitCam,full
1786871,3921,4.90125,1,0.1,0,0,M5StackUnitCam,full
1787871,3925,4.90625,1,0.1,0,0,M5StackUnitCam,full
1788871,3923,4.90375,1,0.1,0,0,M5StackUnitCam,full
1789871,3923,4.90375,1,0.1,0,0,M5StackUnitCam,full
1790871,3924,4.905,1,0.1,0,0,M5StackUnitCam,full
1791871,3924,4.905,1,0.1,0,0,M5StackUnitCam,full
1792871,3924,4.905,1,0.1,0,0,M5StackUnitCam,full
1793871,3922,4.9025,1,0.1,0,0,M5StackUnitCam,full
1794871,3921,4.90125,1,0.1,0,0,M5StackUnitCam,full
1795871,3920,4.9,1,0.1,1,2.5,M5StackUnitCam,full
1796871,3924,4.905,1,0.1,0,0,M5StackUnitCam,full
1797871,3924,4.905,1,0.1,0,0,M5StackUnitCam,full
1798871,3922,4.9025,1,0.1,0,0,M5StackUnitCam,full
1799871,3921,4.90125,1,0.1,0,0,M5StackUnitCam,full
1800871,3923,4.90375,1,0.1,0,0,M5StackUnitCam,full
1801871,3924,4.905,1,0.1,0,0,M5StackUnitCam,full
1802871,3922,4.9025,1,0.1,0,0,M5StackUnitCam,full
1803871,3921,4.90125,1,0.1,0,0,M5StackUnitCam,full
1804871,3923,4.90375,1,0.1,0,0,M5StackUnitCam,full
1805871,3907,4.88375,1,0.1,1,2.5,M5StackUnitCam,full
1806871,3924,4.905,1,0.1,0,0,M5StackUnitCam,full
1807871,3923,4.90375,1,0.1,0,0,M5StackUnitCam,full
1808871,3923,4.90375,1,0.1,0,0,M5StackUnitCam,full
1809871,3897,4.87125,278,27.8,54,135,M5StackUnitCam,full
1810871,3903,4.87875,210,21,41,102.5,M5StackUnitCam,full
1811871,3817,4.77125,1065,106.5,203,507.5,M5StackUnitCam,full
1812871,3835,4.79375,874,87.4,167,417.5,M5StackUnitCam,full
1813871,3838,4.7975,880,88,169,422.5,M5StackUnitCam,full
1814871,3770,4.7125,1526,152.6,287,717.5,M5StackUnitCam,full
1815871,3771,4.71375,1528,152.8,288,720,M5StackUnitCam,full
1816871,3770,4.7125,1539,153.9,290,725,M5StackUnitCam,full
1817871,3783,4.72875,1430,143,270,675,M5StackUnitCam,full
1818871,3783,4.72875,1428,142.8,270,675,M5StackUnitCam,full
1819871,3774,4.7175,1536,153.6,289,722.5,M5StackUnitCam,full
1820871,3758,4.6975,1537,153.7,288,720,M5StackUnitCam,full
1821871,3783,4.72875,1434,143.4,271,677.5,M5StackUnitCam,full
1822871,3783,4.72875,1435,143.5,271,677.5,M5StackUnitCam,full
1823871,3913,4.89125,2,0.2,1,2.5,M5StackUnitCam,full
1824871,3921,4.90125,2,0.2,0,0,M5StackUnitCam,full
1825871,3922,4.9025,1,0.1,0,0,M5StackUnitCam,full
1826871,3923,4.90375,1,0.1,0,0,M5StackUnitCam,full
1827871,3924,4.905,1,0.1,0,0,M5StackUnitCam,full
1828871,3921,4.90125,1,0.1,0,0,M5StackUnitCam,full
1829871,3921,4.90125,1,0.1,0,0,M5StackUnitCam,full
1830871,3924,4.905,1,0.1,0,0,M5StackUnitCam,full
1831871,3924,4.905,1,0.1,0,0,M5StackUnitCam,full
1832871,3920,4.9,1,0.1,0,0,M5StackUnitCam,full
1833871,3922,4.9025,1,0.1,0,0,M5StackUnitCam,full
1834871,3925,4.90625,1,0.1,0,0,M5StackUnitCam,full
1835871,3924,4.905,1,0.1,0,0,M5StackUnitCam,full
1836871,3924,4.905,1,0.1,0,0,M5StackUnitCam,full
1837871,3920,4.9,1,0.1,0,0,M5StackUnitCam,full
1838871,3924,4.905,1,0.1,0,0,M5StackUnitCam,full
1839871,3924,4.905,1,0.1,0,0,M5StackUnitCam,full
1840871,3923,4.90375,1,0.1,0,0,M5StackUnitCam,full
1841871,3919,4.89875,1,0.1,0,0,M5StackUnitCam,full
1842871,3921,4.90125,2,0.2,1,2.5,M5StackUnitCam,full
1843871,3925,4.90625,1,0.1,0,0,M5StackUnitCam,full
1844871,3921,4.90125,2,0.2,0,0,M5StackUnitCam,full
1845871,3919,4.89875,1,0.1,0,0,M5StackUnitCam,full
1846871,3921,4.90125,1,0.1,0,0,M5StackUnitCam,full
1847871,3923,4.90375,1,0.1,0,0,M5StackUnitCam,full
1848871,3923,4.90375,1,0.1,0,0,M5StackUnitCam,full
1849871,3920,4.9,2,0.2,0,0,M5StackUnitCam,full
1850871,3920,4.9,1,0.1,0,0,M5StackUnitCam,full
1851871,3925,4.90625,1,0.1,0,0,M5StackUnitCam,full
1852871,3897,4.87125,278,27.8,54,135,M5StackUnitCam,full
1853871,3902,4.8775,210,21,41,102.5,M5StackUnitCam,full
1854871,3829,4.78625,975,97.5,187,467.5,M5StackUnitCam,full
1855871,3839,4.79875,874,87.4,167,417.5,M5StackUnitCam,full
1856871,3839,4.79875,876,87.6,168,420,M5StackUnitCam,full
1857871,3774,4.7175,1535,153.5,290,725,M5StackUnitCam,full
1858871,3769,4.71125,1514,151.4,285,712.5,M5StackUnitCam,full
1859871,3771,4.71375,1535,153.5,289,722.5,M5StackUnitCam,full
1860871,3765,4.70625,1520,152,287,717.5,M5StackUnitCam,full
1861871,3775,4.71875,1538,153.8,290,725,M5StackUnitCam,full
1862871,3770,4.7125,1537,153.7,289,722.5,M5StackUnitCam,full
1863871,3770,4.7125,1545,154.5,291,727.5,M5StackUnitCam,full
1864871,3782,4.7275,1435,143.5,271,677.5,M5StackUnitCam,full
1865871,3783,4.72875,1440,144,272,680,M5StackUnitCam,full
1866871,3921,4.90125,1,0.1,0,0,M5StackUnitCam,full
1867871,3922,4.9025,1,0.1,0,0,M5StackUnitCam,full
1868871,3924,4.905,1,0.1,0,0,M5StackUnitCam,full
1869871,3915,4.89375,1,0.1,0,0,M5StackUnitCam,full
1870871,3923,4.90375,1,0.1,0,0,M5StackUnitCam,full
1871871,3921,4.90125,1,0.1,0,0,M5StackUnitCam,full
1872871,3925,4.90625,1,0.1,0,0,M5StackUnitCam,full
1873871,3923,4.90375,1,0.1,0,0,M5StackUnitCam,full
1874871,3924,4.905,1,0.1,0,0,M5StackUnitCam,full
1875871,3922,4.9025,1,0.1,0,0,M5StackUnitCam,full
1876871,3921,4.90125,1,0.1,0,0,M5StackUnitCam,full
1877871,3925,4.90625,1,0.1,0,0,M5StackUnitCam,full
1878871,3921,4.90125,1,0.1,0,0,M5StackUnitCam,full
1879871,3919,4.89875,1,0.1,0,0,M5StackUnitCam,full
1880871,3922,4.9025,1,0.1,0,0,M5StackUnitCam,full
1881871,3924,4.905,1,0.1,0,0,M5StackUnitCam,full
1882871,3924,4.905,1,0.1,0,0,M5StackUnitCam,full
1883871,3924,4.905,1,0.1,0,0,M5StackUnitCam,full
1884871,3922,4.9025,1,0.1,0,0,M5StackUnitCam,full
1885871,3924,4.905,1,0.1,0,0,M5StackUnitCam,full
1886871,3922,4.9025,1,0.1,0,0,M5StackUnitCam,full
1887871,3922,4.9025,1,0.1,0,0,M5StackUnitCam,full
1888871,3919,4.89875,2,0.2,0,0,M5StackUnitCam,full
1889871,3921,4.90125,2,0.2,0,0,M5StackUnitCam,full
1890871,3922,4.9025,2,0.2,0,0,M5StackUnitCam,full
1891871,3923,4.90375,1,0.1,0,0,M5StackUnitCam,full
1892871,3919,4.89875,2,0.2,0,0,M5StackUnitCam,full
1893871,3921,4.90125,1,0.1,0,0,M5StackUnitCam,full
1894871,3923,4.90375,1,0.1,0,0,M5StackUnitCam,full
1895871,3923,4.90375,1,0.1,0,0,M5StackUnitCam,full
1896871,3899,4.87375,210,21,41,102.5,M5StackUnitCam,full
1897871,3867,4.83375,570,57,110,275,M5StackUnitCam,full
1898871,3840,4.8,868,86.8,167,417.5,M5StackUnitCam,full
1899871,3837,4.79625,875,87.5,168,420,M5StackUnitCam,full
1900871,3774,4.7175,1427,142.7,269,672.5,M5StackUnitCam,full
1901871,3781,4.72625,1429,142.9,270,675,M5StackUnitCam,full
1902871,3776,4.72,1535,153.5,290,725,M5StackUnitCam,full
1903871,3772,4.715,1523,152.3,287,717.5,M5StackUnitCam,full
1904871,3772,4.715,1526,152.6,287,717.5,M5StackUnitCam,full
1905871,3770,4.7125,1523,152.3,287,717.5,M5StackUnitCam,full
1906871,3760,4.7,1521,152.1,286,715,M5StackUnitCam,full
1907871,3783,4.72875,1437,143.7,272,680,M5StackUnitCam,full
1908871,3783,4.72875,1441,144.1,273,682.5,M5StackUnitCam,full
1909871,3921,4.90125,1,0.1,0,0,M5StackUnitCam,full
1910871,3920,4.9,1,0.1,0,0,M5StackUnitCam,full
1911871,3923,4.90375,1,0.1,0,0,M5StackUnitCam,full
1912871,3925,4.90625,1,0.1,0,0,M5StackUnitCam,full
1913871,3922,4.9025,1,0.1,0,0,M5StackUnitCam,full
1914871,3908,4.885,1,0.1,0,0,M5StackUnitCam,full
1915871,3924,4.905,1,0.1,0,0,M5StackUnitCam,full
1916871,3924,4.905,1,0.1,0,0,M5StackUnitCam,full
1917871,3924,4.905,1,0.1,0,0,M5StackUnitCam,full
1918871,3922,4.9025,1,0.1,0,0,M5StackUnitCam,full
1919871,3924,4.905,1,0.1,0,0,M5StackUnitCam,full
1920871,3923,4.90375,1,0.1,0,0,M5StackUnitCam,full
1921871,3924,4.905,1,0.1,0,0,M5StackUnitCam,full
1922871,3919,4.89875,2,0.2,0,0,M5StackUnitCam,full
1923871,3920,4.9,1,0.1,0,0,M5StackUnitCam,full
1924871,3924,4.905,1,0.1,0,0,M5StackUnitCam,full
1925871,3923,4.90375,1,0.1,0,0,M5StackUnitCam,full
1926871,3919,4.89875,1,0.1,0,0,M5StackUnitCam,full
1927871,3920,4.9,1,0.1,0,0,M5StackUnitCam,full
1928871,3923,4.90375,1,0.1,0,0,M5StackUnitCam,full
1929871,3924,4.905,1,0.1,0,0,M5StackUnitCam,full
1930871,3920,4.9,1,0.1,0,0,M5StackUnitCam,full
1931871,3920,4.9,2,0.2,0,0,M5StackUnitCam,full
1932871,3924,4.905,1,0.1,0,0,M5StackUnitCam,full
1933871,3924,4.905,1,0.1,0,0,M5StackUnitCam,full
1934871,3923,4.90375,2,0.2,0,0,M5StackUnitCam,full
1935871,3924,4.905,1,0.1,0,0,M5StackUnitCam,full
1936871,3925,4.90625,1,0.1,0,0,M5StackUnitCam,full
1937871,3925,4.90625,1,0.1,0,0,M5StackUnitCam,full
1938871,3924,4.905,1,0.1,0,0,M5StackUnitCam,full
1939871,3886,4.8575,362,36.2,70,175,M5StackUnitCam,full
1940871,3899,4.87375,211,21.1,41,102.5,M5StackUnitCam,full
1941871,3838,4.7975,879,87.9,169,422.5,M5StackUnitCam,full
1942871,3838,4.7975,876,87.6,168,420,M5StackUnitCam,full
1943871,3835,4.79375,881,88.1,169,422.5,M5StackUnitCam,full
1944871,3782,4.7275,1417,141.7,268,670,M5StackUnitCam,full
1945871,3784,4.73,1423,142.3,269,672.5,M5StackUnitCam,full
1946871,3773,4.71625,1510,151,285,712.5,M5StackUnitCam,full
1947871,3775,4.71875,1531,153.1,288,720,M5StackUnitCam,full
1948871,3770,4.7125,1533,153.3,289,722.5,M5StackUnitCam,full
1949871,3775,4.71875,1521,152.1,287,717.5,M5StackUnitCam,full
1950871,3784,4.73,1426,142.6,270,675,M5StackUnitCam,full
1951871,3786,4.7325,1422,142.2,269,672.5,M5StackUnitCam,full
1952871,3770,4.7125,1515,151.5,286,715,M5StackUnitCam,full
1953871,3769,4.71125,1517,151.7,285,712.5,M5StackUnitCam,full
1954871,3773,4.71625,1516,151.6,286,715,M5StackUnitCam,full
1955871,3774,4.7175,1533,153.3,288,720,M5StackUnitCam,full
1956871,3780,4.725,1429,142.9,270,675,M5StackUnitCam,full
1957871,3781,4.72625,1426,142.6,269,672.5,M5StackUnitCam,full
1958871,3774,4.7175,1516,151.6,285,712.5,M5StackUnitCam,full
1959871,3784,4.73,1426,142.6,270,675,M5StackUnitCam,full
1960871,3919,4.89875,2,0.2,0,0,M5StackUnitCam,full
1961871,3921,4.90125,1,0.1,0,0,M5StackUnitCam,full
1962871,3923,4.90375,1,0.1,0,0,M5StackUnitCam,full
1963871,3924,4.905,1,0.1,0,0,M5StackUnitCam,full
1964871,3923,4.90375,1,0.1,0,0,M5StackUnitCam,full
1965871,3922,4.9025,1,0.1,0,0,M5StackUnitCam,full
1966871,3923,4.90375,1,0.1,0,0,M5StackUnitCam,full
1967871,3924,4.905,1,0.1,0,0,M5StackUnitCam,full
1968871,3924,4.905,1,0.1,0,0,M5StackUnitCam,full
1969871,3920,4.9,1,0.1,0,0,M5StackUnitCam,full
1970871,3919,4.89875,1,0.1,0,0,M5StackUnitCam,full
1971871,3924,4.905,1,0.1,0,0,M5StackUnitCam,full
1972871,3924,4.905,1,0.1,0,0,M5StackUnitCam,full
1973871,3921,4.90125,1,0.1,0,0,M5StackUnitCam,full
1974871,3922,4.9025,1,0.1,0,0,M5StackUnitCam,full
1975871,3911,4.88875,1,0.1,0,0,M5StackUnitCam,full
1976871,3924,4.905,1,0.1,0,0,M5StackUnitCam,full
1977871,3922,4.9025,1,0.1,0,0,M5StackUnitCam,full
1978871,3922,4.9025,1,0.1,0,0,M5StackUnitCam,full
1979871,3926,4.9075,1,0.1,0,0,M5StackUnitCam,full
1980871,3925,4.90625,1,0.1,0,0,M5StackUnitCam,full
1981871,3925,4.90625,1,0.1,0,0,M5StackUnitCam,full
1982871,3919,4.89875,0,0,0,0,M5StackUnitCam,full
1983871,3922,4.9025,1,0.1,0,0,M5StackUnitCam,full
1984871,3923,4.90375,1,0.1,0,0,M5StackUnitCam,full
1985871,3923,4.90375,1,0.1,0,0,M5StackUnitCam,full
1986871,3921,4.90125,1,0.1,0,0,M5StackUnitCam,full
1987871,3920,4.9,1,0.1,0,0,M5StackUnitCam,full
1988871,3924,4.905,1,0.1,0,0,M5StackUnitCam,full
1989871,3923,4.90375,1,0.1,0,0,M5StackUnitCam,full
1990871,3894,4.8675,262,26.2,51,127.5,M5StackUnitCam,full
1991871,3900,4.875,211,21.1,41,102.5,M5StackUnitCam,full
1992871,3839,4.79875,878,87.8,168,420,M5StackUnitCam,full
1993871,3839,4.79875,875,87.5,168,420,M5StackUnitCam,full
1994871,3838,4.7975,881,88.1,169,422.5,M5StackUnitCam,full
1995871,3772,4.715,1542,154.2,290,725,M5StackUnitCam,full
1996871,3773,4.71625,1515,151.5,285,712.5,M5StackUnitCam,full
1997871,3784,4.73,1424,142.4,269,672.5,M5StackUnitCam,full
1998871,3784,4.73,1422,142.2,269,672.5,M5StackUnitCam,full
1999871,3773,4.71625,1432,143.2,270,675,M5StackUnitCam,full
2000871,3770,4.7125,1514,151.4,285,712.5,M5StackUnitCam,full
2001871,3773,4.71625,1514,151.4,285,712.5,M5StackUnitCam,full
2002871,3775,4.71875,1525,152.5,287,717.5,M5StackUnitCam,full
2003871,3781,4.72625,1424,142.4,269,672.5,M5StackUnitCam,full
2004871,3783,4.72875,1427,142.7,270,675,M5StackUnitCam,full
2005871,3775,4.71875,1519,151.9,286,715,M5StackUnitCam,full
2006871,3772,4.715,1517,151.7,286,715,M5StackUnitCam,full
2007871,3772,4.715,1531,153.1,288,720,M5StackUnitCam,full
2008871,3771,4.71375,1515,151.5,285,712.5,M5StackUnitCam,full
2009871,3784,4.73,1430,143,271,677.5,M5StackUnitCam,full
2010871,3783,4.72875,1430,143,271,677.5,M5StackUnitCam,full
2011871,3924,4.905,1,0.1,0,0,M5StackUnitCam,full
2012871,3921,4.90125,1,0.1,0,0,M5StackUnitCam,full
2013871,3925,4.90625,1,0.1,0,0,M5StackUnitCam,full
2014871,3923,4.90375,1,0.1,0,0,M5StackUnitCam,full
2015871,3907,4.88375,1,0.1,0,0,M5StackUnitCam,full
2016871,3920,4.9,1,0.1,0,0,M5StackUnitCam,full
2017871,3922,4.9025,1,0.1,0,0,M5StackUnitCam,full
2018871,3924,4.905,1,0.1,0,0,M5StackUnitCam,full
2019871,3921,4.90125,1,0.1,0,0,M5StackUnitCam,full
2020871,3919,4.89875,1,0.1,0,0,M5StackUnitCam,full
2021871,3924,4.905,1,0.1,0,0,M5StackUnitCam,full
2022871,3924,4.905,1,0.1,0,0,M5StackUnitCam,full
2023871,3925,4.90625,1,0.1,0,0,M5StackUnitCam,full
2024871,3920,4.9,2,0.2,0,0,M5StackUnitCam,full
2025871,3923,4.90375,1,0.1,0,0,M5StackUnitCam,full
2026871,3924,4.905,1,0.1,0,0,M5StackUnitCam,full
2027871,3925,4.90625,1,0.1,0,0,M5StackUnitCam,full
2028871,3918,4.8975,1,0.1,0,0,M5StackUnitCam,full
2029871,3918,4.8975,1,0.1,0,0,M5StackUnitCam,full
2030871,3924,4.905,1,0.1,0,0,M5StackUnitCam,full
2031871,3924,4.905,1,0.1,0,0,M5StackUnitCam,full
2032871,3924,4.905,1,0.1,0,0,M5StackUnitCam,full
2033871,3919,4.89875,1,0.1,0,0,M5StackUnitCam,full
2034871,3923,4.90375,1,0.1,0,0,M5StackUnitCam,full
2035871,3925,4.90625,1,0.1,0,0,M5StackUnitCam,full
2036871,3924,4.905,1,0.1,0,0,M5StackUnitCam,full
2037871,3920,4.9,1,0.1,0,0,M5StackUnitCam,full
2038871,3923,4.90375,1,0.1,0,0,M5StackUnitCam,full
2039871,3925,4.90625,1,0.1,0,0,M5StackUnitCam,full
2040871,3923,4.90375,1,0.1,0,0,M5StackUnitCam,full
2041871,3903,4.87875,221,22.1,41,102.5,M5StackUnitCam,full
2042871,3883,4.85375,389,38.9,75,187.5,M5StackUnitCam,full
2043871,3839,4.79875,879,87.9,169,422.5,M5StackUnitCam,full
2044871,3840,4.8,871,87.1,167,417.5,M5StackUnitCam,full
2045871,3775,4.71875,1529,152.9,288,720,M5StackUnitCam,full
2046871,3771,4.71375,1541,154.1,290,725,M5StackUnitCam,full
2047871,3784,4.73,1419,141.9,268,670,M5StackUnitCam,full
2048871,3784,4.73,1422,142.2,269,672.5,M5StackUnitCam,full
2049871,3776,4.72,1534,153.4,289,722.5,M5StackUnitCam,full
2050871,3771,4.71375,1521,152.1,287,717.5,M5StackUnitCam,full
2051871,3771,4.71375,1519,151.9,286,715,M5StackUnitCam,full
2052871,3773,4.71625,1515,151.5,285,712.5,M5StackUnitCam,full
2053871,3784,4.73,1431,143.1,271,677.5,M5StackUnitCam,full
2054871,3894,4.8675,343,34.3,66,165,M5StackUnitCam,full
2055871,3919,4.89875,1,0.1,0,0,M5StackUnitCam,full
2056871,3925,4.90625,1,0.1,0,0,M5StackUnitCam,full
2057871,3924,4.905,1,0.1,0,0,M5StackUnitCam,full
2058871,3924,4.905,1,0.1,0,0,M5StackUnitCam,full
2059871,3924,4.905,1,0.1,0,0,M5StackUnitCam,full
2060871,3923,4.90375,1,0.1,0,0,M5StackUnitCam,full
2061872,3925,4.90625,1,0.1,0,0,M5StackUnitCam,full
2062871,3924,4.905,1,0.1,0,0,M5StackUnitCam,full
2063871,3921,4.90125,1,0.1,0,0,M5StackUnitCam,full
2064871,3919,4.89875,1,0.1,0,0,M5StackUnitCam,full
2065871,3924,4.905,1,0.1,0,0,M5StackUnitCam,full
2066871,3924,4.905,1,0.1,0,0,M5StackUnitCam,full
2067871,3910,4.8875,1,0.1,0,0,M5StackUnitCam,full
2068871,3922,4.9025,1,0.1,0,0,M5StackUnitCam,full
2069871,3923,4.90375,1,0.1,0,0,M5StackUnitCam,full
2070871,3922,4.9025,1,0.1,0,0,M5StackUnitCam,full
2071871,3922,4.9025,1,0.1,0,0,M5StackUnitCam,full
2072871,3920,4.9,2,0.2,0,0,M5StackUnitCam,full
2073871,3919,4.89875,2,0.2,0,0,M5StackUnitCam,full
2074871,3924,4.905,1,0.1,0,0,M5StackUnitCam,full
2075871,3924,4.905,1,0.1,0,0,M5StackUnitCam,full
2076871,3919,4.89875,2,0.2,1,2.5,M5StackUnitCam,full
2077871,3924,4.905,1,0.1,0,0,M5StackUnitCam,full
2078871,3915,4.89375,2,0.2,0,0,M5StackUnitCam,full
2079871,3924,4.905,1,0.1,0,0,M5StackUnitCam,full
2080871,3921,4.90125,2,0.2,0,0,M5StackUnitCam,full
2081871,3921,4.90125,1,0.1,0,0,M5StackUnitCam,full
2082871,3924,4.905,2,0.2,0,0,M5StackUnitCam,full
2083871,3923,4.90375,1,0.1,0,0,M5StackUnitCam,full
2084871,3893,4.86625,279,27.9,54,135,M5StackUnitCam,full
2085871,3902,4.8775,210,21,41,102.5,M5StackUnitCam,full
2086871,3828,4.785,964,96.4,185,462.5,M5StackUnitCam,full
2087871,3839,4.79875,868,86.8,167,417.5,M5StackUnitCam,full
2088871,3831,4.78875,874,87.4,168,420,M5StackUnitCam,full
2089871,3781,4.72625,1422,142.2,269,672.5,M5StackUnitCam,full
2090871,3775,4.71875,1526,152.6,288,720,M5StackUnitCam,full
2091871,3774,4.7175,1517,151.7,286,715,M5StackUnitCam,full
2092871,3773,4.71625,1520,152,286,715,M5StackUnitCam,full
2093871,3773,4.71625,1527,152.7,288,720,M5StackUnitCam,full
2094871,3785,4.73125,1423,142.3,269,672.5,M5StackUnitCam,full
2095871,3774,4.7175,1517,151.7,286,715,M5StackUnitCam,full
2096871,3785,4.73125,1425,142.5,270,675,M5StackUnitCam,full
2097871,3783,4.72875,1427,142.7,270,675,M5StackUnitCam,full
2098871,3921,4.90125,1,0.1,0,0,M5StackUnitCam,full
2099871,3925,4.90625,1,0.1,0,0,M5StackUnitCam,full
2100871,3905,4.88125,3,0.3,1,2.5,M5StackUnitCam,full
2101871,3921,4.90125,2,0.2,0,0,M5StackUnitCam,full
2102871,3920,4.9,1,0.1,1,2.5,M5StackUnitCam,full
2103871,3917,4.89625,1,0.1,1,2.5,M5StackUnitCam,full
2104871,3923,4.90375,1,0.1,0,0,M5StackUnitCam,full
2105871,3920,4.9,1,0.1,0,0,M5StackUnitCam,full
2106871,3923,4.90375,1,0.1,0,0,M5StackUnitCam,full
2107871,3923,4.90375,1,0.1,0,0,M5StackUnitCam,full
2108871,3923,4.90375,1,0.1,0,0,M5StackUnitCam,full
2109871,3923,4.90375,1,0.1,0,0,M5StackUnitCam,full
2110871,3922,4.9025,1,0.1,0,0,M5StackUnitCam,full
2111871,3924,4.905,1,0.1,0,0,M5StackUnitCam,full
2112871,3923,4.90375,1,0.1,0,0,M5StackUnitCam,full
2113871,3923,4.90375,1,0.1,0,0,M5StackUnitCam,full
2114871,3919,4.89875,1,0.1,0,0,M5StackUnitCam,full
2115871,3920,4.9,1,0.1,0,0,M5StackUnitCam,full
2116871,3924,4.905,1,0.1,0,0,M5StackUnitCam,full
2117871,3923,4.90375,1,0.1,0,0,M5StackUnitCam,full
2118871,3921,4.90125,1,0.1,0,0,M5StackUnitCam,full
2119871,3923,4.90375,1,0.1,0,0,M5StackUnitCam,full
2120871,3924,4.905,1,0.1,0,0,M5StackUnitCam,full
2121871,3925,4.90625,1,0.1,0,0,M5StackUnitCam,full
2122871,3921,4.90125,1,0.1,0,0,M5StackUnitCam,full
2123871,3922,4.9025,2,0.2,0,0,M5StackUnitCam,full
2124871,3925,4.90625,1,0.1,0,0,M5StackUnitCam,full
2125871,3925,4.90625,1,0.1,0,0,M5StackUnitCam,full
2126871,3925,4.90625,1,0.1,0,0,M5StackUnitCam,full
2127871,3897,4.87125,275,27.5,54,135,M5StackUnitCam,full
2128871,3904,4.88,211,21.1,41,102.5,M5StackUnitCam,full
2129871,3827,4.78375,1001,100.1,192,480,M5StackUnitCam,full
2130871,3840,4.8,869,86.9,167,417.5,M5StackUnitCam,full
2131871,3837,4.79625,870,87,167,417.5,M5StackUnitCam,full
2132871,3769,4.71125,1519,151.9,286,715,M5StackUnitCam,full
2133871,3776,4.72,1530,153,289,722.5,M5StackUnitCam,full
2134871,3784,4.73,1420,142,269,672.5,M5StackUnitCam,full
2135871,3774,4.7175,1530,153,289,722.5,M5StackUnitCam,full
2136871,3770,4.7125,1506,150.6,283,707.5,M5StackUnitCam,full
2137871,3775,4.71875,1532,153.2,288,720,M5StackUnitCam,full
2138871,3775,4.71875,1529,152.9,288,720,M5StackUnitCam,full
2139871,3783,4.72875,1444,144.4,273,682.5,M5StackUnitCam,full
2140871,3783,4.72875,1427,142.7,270,675,M5StackUnitCam,full
2141871,3924,4.905,1,0.1,0,0,M5StackUnitCam,full
2142871,3924,4.905,1,0.1,0,0,M5StackUnitCam,full
2143871,3923,4.90375,1,0.1,0,0,M5StackUnitCam,full
2144871,3921,4.90125,1,0.1,0,0,M5StackUnitCam,full
2145871,3922,4.9025,2,0.2,0,0,M5StackUnitCam,full
2146871,3924,4.905,1,0.1,0,0,M5StackUnitCam,full
2147871,3923,4.90375,1,0.1,0,0,M5StackUnitCam,full
2148871,3920,4.9,1,0.1,0,0,M5StackUnitCam,full
2149871,3922,4.9025,1,0.1,0,0,M5StackUnitCam,full
2150871,3924,4.905,1,0.1,0,0,M5StackUnitCam,full
2151871,3925,4.90625,1,0.1,0,0,M5StackUnitCam,full
2152871,3915,4.89375,1,0.1,0,0,M5StackUnitCam,full
2153871,3921,4.90125,1,0.1,0,0,M5StackUnitCam,full
2154871,3925,4.90625,1,0.1,0,0,M5StackUnitCam,full
2155871,3924,4.905,1,0.1,0,0,M5StackUnitCam,full
2156871,3924,4.905,1,0.1,0,0,M5StackUnitCam,full
2157871,3921,4.90125,2,0.2,0,0,M5StackUnitCam,full
2158871,3924,4.905,1,0.1,0,0,M5StackUnitCam,full
2159871,3924,4.905,1,0.1,0,0,M5StackUnitCam,full
2160871,3924,4.905,1,0.1,0,0,M5StackUnitCam,full
2161871,3919,4.89875,2,0.2,0,0,M5StackUnitCam,full
2162871,3922,4.9025,1,0.1,0,0,M5StackUnitCam,full
2163871,3925,4.90625,1,0.1,0,0,M5StackUnitCam,full
2164871,3923,4.90375,1,0.1,0,0,M5StackUnitCam,full
2165871,3921,4.90125,2,0.2,0,0,M5StackUnitCam,full
2166871,3922,4.9025,2,0.2,0,0,M5StackUnitCam,full
2167871,3925,4.90625,1,0.1,0,0,M5StackUnitCam,full
2168871,3924,4.905,1,0.1,0,0,M5StackUnitCam,full
2169871,3919,4.89875,1,0.1,0,0,M5StackUnitCam,full
2170871,3920,4.9,1,0.1,0,0,M5StackUnitCam,full
2171871,3903,4.87875,210,21,41,102.5,M5StackUnitCam,full
2172871,3869,4.83625,574,57.4,111,277.5,M5StackUnitCam,full
2173871,3839,4.79875,870,87,167,417.5,M5StackUnitCam,full
2174871,3832,4.79,868,86.8,166,415,M5StackUnitCam,full
2175871,3774,4.7175,1538,153.8,290,725,M5StackUnitCam,full
2176871,3784,4.73,1423,142.3,269,672.5,M5StackUnitCam,full
2177871,3773,4.71625,1514,151.4,285,712.5,M5StackUnitCam,full
2178871,3772,4.715,1531,153.1,289,722.5,M5StackUnitCam,full
2179871,3770,4.7125,1522,152.2,287,717.5,M5StackUnitCam,full
2180871,3775,4.71875,1532,153.2,288,720,M5StackUnitCam,full
2181871,3785,4.73125,1428,142.8,270,675,M5StackUnitCam,full
2182871,3774,4.7175,1424,142.4,269,672.5,M5StackUnitCam,full
2183871,3780,4.725,1430,143,270,675,M5StackUnitCam,full
2184871,3925,4.90625,1,0.1,0,0,M5StackUnitCam,full
2185871,3923,4.90375,1,0.1,0,0,M5StackUnitCam,full
2186871,3924,4.905,1,0.1,0,0,M5StackUnitCam,full
2187871,3921,4.90125,1,0.1,0,0,M5StackUnitCam,full
2188871,3923,4.90375,1,0.1,0,0,M5StackUnitCam,full
2189871,3917,4.89625,1,0.1,0,0,M5StackUnitCam,full
2190871,3922,4.9025,1,0.1,0,0,M5StackUnitCam,full
2191871,3922,4.9025,1,0.1,0,0,M5StackUnitCam,full
2192871,3925,4.90625,1,0.1,0,0,M5StackUnitCam,full
2193871,3924,4.905,1,0.1,0,0,M5StackUnitCam,full
2194871,3924,4.905,1,0.1,0,0,M5StackUnitCam,full
2195871,3920,4.9,1,0.1,0,0,M5StackUnitCam,full
2196871,3922,4.9025,1,0.1,0,0,M5StackUnitCam,full
2197871,3924,4.905,1,0.1,0,0,M5StackUnitCam,full
2198871,3923,4.90375,1,0.1,0,0,M5StackUnitCam,full
2199871,3918,4.8975,1,0.1,0,0,M5StackUnitCam,full
2200871,3922,4.9025,1,0.1,0,0,M5StackUnitCam,full
2201871,3924,4.905,1,0.1,0,0,M5StackUnitCam,full
2202871,3924,4.905,1,0.1,0,0,M5StackUnitCam,full
2203871,3924,4.905,1,0.1,0,0,M5StackUnitCam,full
2204871,3923,4.90375,1,0.1,0,0,M5StackUnitCam,full
2205871,3925,4.90625,1,0.1,0,0,M5StackUnitCam,full
2206871,3925,4.90625,1,0.1,0,0,M5StackUnitCam,full
2207871,3924,4.905,1,0.1,0,0,M5StackUnitCam,full
2208871,3919,4.89875,2,0.2,0,0,M5StackUnitCam,full
2209871,3922,4.9025,1,0.1,0,0,M5StackUnitCam,full
2210871,3924,4.905,1,0.1,0,0,M5StackUnitCam,full
2211871,3923,4.90375,1,0.1,0,0,M5StackUnitCam,full
2212871,3920,4.9,1,0.1,0,0,M5StackUnitCam,full
2213871,3922,4.9025,1,0.1,0,0,M5StackUnitCam,full
2214871,3899,4.87375,262,26.2,51,127.5,M5StackUnitCam,full
2215871,3902,4.8775,211,21.1,41,102.5,M5StackUnitCam,full
2216871,3835,4.79375,868,86.8,166,415,M5StackUnitCam,full
2217871,3837,4.79625,869,86.9,167,417.5,M5StackUnitCam,full
2218871,3839,4.79875,879,87.9,168,420,M5StackUnitCam,full
2219871,3774,4.7175,1535,153.5,289,722.5,M5StackUnitCam,full
2220871,3784,4.73,1428,142.8,270,675,M5StackUnitCam,full
2221871,3774,4.7175,1530,153,273,682.5,M5StackUnitCam,full
2222871,3774,4.7175,1534,153.4,289,722.5,M5StackUnitCam,full
2223871,3776,4.72,1532,153.2,289,722.5,M5StackUnitCam,full
2224871,3775,4.71875,1513,151.3,285,712.5,M5StackUnitCam,full
2225871,3774,4.7175,1418,141.8,267,667.5,M5StackUnitCam,full
2226871,3782,4.7275,1421,142.1,269,672.5,M5StackUnitCam,full
2227871,3784,4.73,1427,142.7,270,675,M5StackUnitCam,full
2228871,3922,4.9025,1,0.1,0,0,M5StackUnitCam,full
2229871,3914,4.8925,1,0.1,1,2.5,M5StackUnitCam,full
2230871,3921,4.90125,2,0.2,1,2.5,M5StackUnitCam,full
2231871,3925,4.90625,1,0.1,0,0,M5StackUnitCam,full
2232871,3925,4.90625,1,0.1,0,0,M5StackUnitCam,full
